{"0.908698876773:0.0856014366056:0.781761542118:0.402701373083": 25, "0.927298700089:0.269318596426:0.633363232617:0.740750270862": 33, "0.499697331073:0.908355304224:0.855305347345:0.535382908704": 34, "0.430871053067:0.739475741531:0.318683129065:0.128965617743": 44, "0.883468599774:0.271879219789:0.832149801045:0.82460384685": 67, "0.163976945295:0.353660650154:0.547153612149:0.710873644086": 48, "0.679900053545:0.844913694258:0.805097060962:0.0230141268067": 61, "0.294093350617:0.127492867537:0.915830014835:0.445085060126": 49, "0.490078947603:0.245799094906:0.831121021538:0.572729349332": 18, "0.387550056412:0.64205180591:0.0571062434823:0.0899139744243": 26, "0.80859225943:0.822902539848:0.58133028251:0.891700355281": 21, "0.1153015436:0.806072601201:0.127584260911:0.529024217686": 29, "0.220848586748:0.806791695075:0.694264075673:0.995594214021": 17, "0.209905067702:0.568329209791:0.629001330956:0.502606019586": 37, "0.628889937446:0.452430638547:0.298179861818:0.873815225514": 29, "0.202371132978:0.276261814265:0.797127190341:0.0134380206326": 28, "0.57626355678:0.0486886777148:0.138702585539:0.816630925942": 58, "0.197264116628:0.819204029908:0.685334604197:0.320750524019": 32, "1.0:1.0:1.0:1.0": 46, "0.737756291501:0.268672954271:0.00695649267541:0.924006400905": 50, "0.85381563505:0.615963122054:0.421421609056:0.382103309017": 77, "0.934289899156:0.104345073304:0.244344192753:0.16440279748": 78, "0.784825541548:0.824189560874:0.777603108494:0.813888922955": 21, "0.0301447607774:0.387288697876:0.913926389032:0.29823237734": 26, "0.186048555541:0.324219225388:0.142293047387:0.637770229821": 28, "0.114299581467:0.291261676949:0.179545434882:0.0667367316609": 84, "0.401530420484:0.0587625381373:0.648716516484:0.030895439443": 53, "0.748340901112:0.424885948529:0.913101909013:0.67259765178": 17, "0.693138018312:0.779927896712:0.386541792998:0.051655823402": 88, "0.454430247944:0.65680104292:0.183233129353:0.795611362393": 55, "0.646742537555:0.930982694359:0.119116614721:0.597594011455": 48, "0.254730748016:0.503816634488:0.0636826311457:0.291012542432": 40, "0.514504034004:0.187983405657:0.373440851167:0.117784223625": 34, "0.385589996317:0.314459166209:0.786616739467:0.157064154009": 57, "0.61923493367:0.904825779398:0.466316322935:0.478113795503": 64, "0.741065834816:0.159522086999:0.0835769137418:0.308549750544": 40, "0.669806314091:0.609747462137:0.582836661193:0.212169540599": 68, "0.75356787321:0.639945000729:0.820914733137:0.407716979267": 32, "0.20840751982:0.0678283251697:0.268969199913:0.863552051679": 63, "0.898869023391:0.941346158804:0.981215539112:0.938708458628": 52, "0.467443127012:0.180388099661:0.135762753943:0.88162052508": 54, "0.5714077425:0.949977588468:0.56255380568:0.57691731359": 31, "0.173553849723:0.548850645085:0.931898939014:0.287645733333": 52, "0.822361464832:0.928104397857:0.309395712236:0.281604318733": 57, "0.218736979322:0.0242015672967:0.0446603181936:0.668438659017": 74, "0.115126130948:0.32006937743:0.693936391696:0.518393627244": 10, "0.0152977258194:0.881260101476:0.586684004967:0.536092079801": 32, "0.283735965592:0.63560845764:0.0356593124775:0.415773135615": 26, "0.700755879947:0.790330686437:0.953733279036:0.679378875766": 37, "0.367401583237:0.431410216381:0.261953440732:0.00452805135576": 41, "0.373114101478:0.5032189518:0.278786433935:0.108152571581": 40, "0.169232788248:0.808143266866:0.00835840145035:0.26438883141": 31, "0.487047599743:0.225058759867:0.553058235825:0.235928168152": 53, "0.775217096198:0.686010315624:0.0309150625021:0.0141758993645": 56, "0.859603991811:0.0613737563376:0.550411405678:0.298387925952": 85, "0.182823667358:0.949869647588:0.769234302839:0.580463018625": 44, "0.946235194765:0.471278489759:0.735657016621:0.636616704846": 50, "0.992262132889:0.854003050659:0.603841720995:0.492003385866": 58, "0.58919265117:0.383906812184:0.294537805553:0.866847603611": 17, "0.197445534795:0.323606444004:0.471005727961:0.23161256615": 24, "0.978571183814:0.107123950859:0.605730855342:0.177463041222": 13, "0.685404369141:0.0215208555442:0.193792828703:0.378576485755": 65, "0.206538055584:0.00262247119916:0.877074001626:0.86726374232": 35, "0.0853097302383:0.616127211327:0.0938940098631:0.810578228331": 21}